_id,bossName,name
61b847191d9cd1a455d2143f,,scott
61c585bb0bb8dd356b4c9708,,Teresa
61c585cf0bb8dd356b4c9709,,Mike
61c585ec0bb8dd356b4c970a,,Alan
61c586020bb8dd356b4c970b,,Sharon
61c5861d0bb8dd356b4c970c,,Bob
61c5863d0bb8dd356b4c970d,,Helen
61c586740bb8dd356b4c970e,,John
61c6c5733eeabd17711463bf,,charlie
61c6c59a3eeabd17711463c0,,pekora
61c6c5df3eeabd17711463c1,,miko
61c6c5f23eeabd17711463c2,,kanata
61c6c6273eeabd17711463c3,,towa
61c6c6453eeabd17711463c4,,aqua
61c6c6563eeabd17711463c5,,zero
61c6c6693eeabd17711463c6,,Max
61c8322ed31a6749c0abf785,VbimjLY,
61c8322fd31a6749c0abf79e,BCXUzQW,
61c83230d31a6749c0abf7bb,fFQzYOe,
61c83232d31a6749c0abf7d8,zFXXUIP,
61c83233d31a6749c0abf7f5,tJkCEdT,
61c8339bd31a6749c0abf80a,wKXPuTf,
61c8339dd31a6749c0abf82b,fFzwJqv,
61c8339ed31a6749c0abf848,kIxdKsU,
61c8339fd31a6749c0abf865,nqdepXA,
61c833a1d31a6749c0abf882,GAvypfW,
61c833a2d31a6749c0abf8a3,XTjaVgE,
61c833a4d31a6749c0abf8c0,ronCFNQ,
61c833a5d31a6749c0abf8d9,enBSzRh,
61c833a6d31a6749c0abf8f6,QfLUqpM,
61c833a8d31a6749c0abf913,abVGOeI,
61c833ecd31a6749c0abf930,BIuDQOs,
61c833edd31a6749c0abf94d,MKFpMUR,
61c833efd31a6749c0abf966,KOHTcdR,
61c833f0d31a6749c0abf97f,oGRzJlI,
61c833f1d31a6749c0abf998,iFKVUhf,
61c8342bd31a6749c0abf9b9,tRcsKSJ,
61c8342bd31a6749c0abf9c4,QCNPybz,
61c8342cd31a6749c0abf9cf,UfgjlBj,
61c8342cd31a6749c0abf9da,BNHVJTo,
61c8342dd31a6749c0abf9e5,GVlKzNy,
61c8342dd31a6749c0abf9f0,iPEScSe,
61c8342ed31a6749c0abf9fb,RhwNUFY,
61c8342ed31a6749c0abfa06,nccjTvV,
61c8342fd31a6749c0abfa11,JhDHZVO,
61c8342fd31a6749c0abfa1c,hrVmSzt,
61c83440d31a6749c0abfa27,sShpzeD,
61c83441d31a6749c0abfa36,rRCANSZ,
61c83441d31a6749c0abfa45,UETueFn,
61c83442d31a6749c0abfa54,xtqlrVZ,
61c83443d31a6749c0abfa63,VNixfmy,
61c83443d31a6749c0abfa72,dTlFXhi,
61c83444d31a6749c0abfa81,JJwZxtw,
61c83445d31a6749c0abfa90,jtrbQAE,
61c83445d31a6749c0abfa9f,ODwtxXJ,
61c83446d31a6749c0abfaae,XcrJauC,
61c83447d31a6749c0abfabd,qLPWqcu,
61c83448d31a6749c0abfacc,EAYqzPV,
61c83448d31a6749c0abfadb,KZMwjpd,
61c83449d31a6749c0abfaea,xTrkLap,
61c8344ad31a6749c0abfaf9,MYqKbzY,
61c8344bd31a6749c0abfb08,yqvAcvl,
61c8344bd31a6749c0abfb17,rJtAFDC,
61c8344cd31a6749c0abfb26,ygbHDTB,
61c8344dd31a6749c0abfb35,RNOAmJE,
61c8344dd31a6749c0abfb44,CobjKPo,
61c83478d31a6749c0abfb53,hAZgZOr,
61c83478d31a6749c0abfb60,dwuqqZv,
61c83479d31a6749c0abfb6d,dTGLuBK,
61c8347ad31a6749c0abfb7a,XDmzjrH,
61c8347ad31a6749c0abfb87,ORJTzBK,
61c8347bd31a6749c0abfb94,UIBOCVp,
61c8347bd31a6749c0abfba1,bGIodeM,
61c8347cd31a6749c0abfbae,OcvouOD,
61c8347dd31a6749c0abfbbb,YvRQKOJ,
61c8347dd31a6749c0abfbc8,ngYGoXc,
61c8347ed31a6749c0abfbd5,SxsrleL,
61c8347ed31a6749c0abfbe2,iEwSIAO,
61c8347fd31a6749c0abfbef,nEiEoOL,
61c83480d31a6749c0abfbfc,QyYBPlD,
61c83480d31a6749c0abfc09,QGNOsGW,
61c83481d31a6749c0abfc16,IMtYWAa,
61c83481d31a6749c0abfc23,jmnPnbm,
61c83482d31a6749c0abfc30,RkhCENm,
61c83483d31a6749c0abfc3d,MrSZYjZ,
61c83483d31a6749c0abfc4a,eUqHfcD,
61c83484d31a6749c0abfc57,PuzjvcJ,
61c83485d31a6749c0abfc64,SzvDEJC,
61c83485d31a6749c0abfc71,ckxAmVb,
61c83486d31a6749c0abfc7e,bgtwGRb,
61c83486d31a6749c0abfc8b,wcwSxru,
61c83572d31a6749c0abfc98,TbjKfNI,
61c83573d31a6749c0abfcad,vMVuJKj,
61c83574d31a6749c0abfcc2,ebKlylx,
61c83575d31a6749c0abfcd7,EZZDfeh,
61c83576d31a6749c0abfcec,LmzQitu,
61c83577d31a6749c0abfd01,iEXhRJd,
61c83578d31a6749c0abfd16,PjibKKv,
61c8357ad31a6749c0abfd2b,jDXhRVG,
61c8357bd31a6749c0abfd40,HTqiquH,
61c8357cd31a6749c0abfd55,vgixtPF,
61c8357dd31a6749c0abfd6a,hUKInON,
61c8357ed31a6749c0abfd7f,OfIFiPV,
61c8357fd31a6749c0abfd94,UbLDMsq,
61c83580d31a6749c0abfda9,aoTDCLS,