_id,imgURL,mealName,price
61b8488d1d9cd1a455d2144c,https://www.bing.com/images/search?view=detailV2&ccid=WYtObUW1&id=2498120C340A2CCF7C5E2C0723B894D2F1AF31AC&thid=OIP.WYtObUW1HnwMJrZ1xJFQiQHaJA&mediaurl=https%3a%2f%2fth.bing.com%2fth%2fid%2fR.598b4e6d45b51e7c0c26b675c4915089%3frik%3drDGv8dKUuCMHLA%26riu%3dhttp%253a%252f%252fp2.ytower.com.tw%252frecipe%252fbk82-038.jpg%26ehk%3dF2Jy9S%252bFvDTyf9hgF6AGVLlO6tRjdfoPEkY%252fzEgJFX0%253d%26risl%3d%26pid%3dImgRaw%26r%3d0&exph=1459&expw=1200&q=%e7%82%b8%e9%9b%9e&simid=607995828306662831&FORM=IRPRST&ck=CD8FDCDE9E527C1B3486E544AC8EC799&selectedIndex=0&ajaxhist=0&ajaxserp=0,炸雞,100
61c58b4d0bb8dd356b4c9732,https://www.chilis.com.tw/chilis/img/cms/450/300/4/2020-07/202007211257200114014703.jpg,美味享拼法士達 MIX & MATCH FAJITAS,330
61c5abcd0bb8dd356b4c9733,https://www.chilis.com.tw/chilis/img/cms/450/300/4/2020-07/202007211244490418567437.jpg,海陸總匯法士達SURF & TURF FAJITAS,500
61c5adfd0bb8dd356b4c9735,https://www.chilis.com.tw/chilis/img/cms/450/300/4/2018-09/202007210930174105985077.jpg,水牛城辣味雞胸堡 BUFFALO CHICKEN RANCH SANDWICH,310
61c5ae390bb8dd356b4c9736,https://www.chilis.com.tw/chilis/img/cms/450/300/4/2018-08/201904061000030361552809.jpg,煙燻培根漢堡 SOUTHERN SMOKEHOUSE BURGER,420
61c5af120bb8dd356b4c9738,https://www.chilis.com.tw/chilis/img/cms/450/300/4/2018-08/202007211405388208638904.jpg,經典肋眼牛排 CLASSIC RIBEYE,500
61c5af730bb8dd356b4c9739,https://www.chilis.com.tw/chilis/img/cms/450/300/4/2019-04/202007211506226874703593.jpg,經典沙朗牛排 CLASSIC SIRLOIN,500
61c5b7790bb8dd356b4c9741,https://web.jh8.tw/upload/casual/websites/tgi-fridays/menus/default/food/signature-appetizers/fridays-three-for-all.jpg,星期五三式組合,500
61c5b7b10bb8dd356b4c9743,https://web.jh8.tw/upload/casual/websites/tgi-fridays/menus/default/food/signature-appetizers/fridays-pick-three-for-all.jpg,自創開胃菜組合,500
61c5b7e10bb8dd356b4c9744,https://web.jh8.tw/upload/casual/websites/tgi-fridays/menus/default/food/signature-appetizers/three-chili-calamari.jpg,義式蒜辣小管圈,390
61c5b8330bb8dd356b4c9745,https://web.jh8.tw/upload/casual/websites/tgi-fridays/menus/default/food/signature-appetizers/fish-chips.jpg,英式炸魚薯條,350
61c5b85a0bb8dd356b4c9746,https://web.jh8.tw/upload/casual/websites/tgi-fridays/menus/default/food/signature-appetizers/seafood-alfredo-double-glazed-pork-pizza.jpg,奶油白醬海鮮與雙醬炭烤豬肉披薩雙拼,500
61c5b8d20bb8dd356b4c9747,https://web.jh8.tw/upload/casual/websites/tgi-fridays/menus/default/food/signature-appetizers/arugula-marinara-seafood-alfredo-pizza.jpg,義式蕃茄芝麻葉與奶油白醬海鮮披薩雙拼,500
61c5b9030bb8dd356b4c9749,https://uptowner.com.tw/media/16/conversions/Blue-Cheese-Burger_resized-thumb.jpg,Blue Cheese and Bacon Burger,285
61c5b9670bb8dd356b4c974a,https://uptowner.com.tw/media/17/conversions/Don-Dada-Burger_resized-thumb.jpg,The Don Dada,310
61c5b9930bb8dd356b4c974b,https://uptowner.com.tw/media/60/conversions/Mushroom-Swiss-Burger_resized-thumb.jpg,Mushroom and Swiss Burger,280
61c5ba040bb8dd356b4c974c,https://uptowner.com.tw/media/39/conversions/Bloody-Boomer_resized-thumb.jpg,Bloody Boomer,180
61c5bade0bb8dd356b4c974e,https://uptowner.com.tw/media/71/conversions/Pancakes%20with%20Mixed%20Berries-thumb.jpg,Combo #4,250
61c5bafd0bb8dd356b4c974f,https://uptowner.com.tw/media/73/conversions/Broccoli%20Cheddar-thumb.jpg,Soup of the Day,90
61c5bb350bb8dd356b4c9750,http://www.ponderosa.com.tw/rwd1225/Store/bImages/b_Short-Ribs.jpg,原塊牛小排(美國特選級),500
61c5bb980bb8dd356b4c9751,http://www.ponderosa.com.tw/rwd1225/Store/bImages/b_Sirloin.jpg,原塊沙朗牛排 (紐西蘭精選級),659
61c5bbbb0bb8dd356b4c9752,http://www.ponderosa.com.tw/rwd1225/Store/bImages/b_Salmon.jpg,碳烤鮭魚,559
61c5bc1d0bb8dd356b4c9753,http://www.ponderosa.com.tw/rwd1225/Store/bImages/b_Chicken-1.jpg,碳烤雞腿排 原味/辣味,479
61c5bcb00bb8dd356b4c9755,http://www.ponderosa.com.tw/rwd1225/Store/bImages/b_Pork_Ribs.jpg,美式烤豬肋排,500
61c5bcce0bb8dd356b4c9756,http://www.ponderosa.com.tw/rwd1225/Store/bImages/b_Porkchop.jpg,波士頓烤豬排,500
61c5c0f30bb8dd356b4c9772,https://inline.imgix.net/item/-L-Aw_dzRuLaTWQzDlDu-899232f7-da1a-4b4a-b0e0-b8c497d22dd7_3d5af2ec-ba1c-4fa7-960f-fc9ef2da8924.jpg?auto=format&dpr=1&fit=crop&fm=jpg&h=200&w=200,下酒菜拼盤 Drunker’s Platter,500
61c5c16d0bb8dd356b4c9773,https://inline.imgix.net/item/-L-Aw_dzRuLaTWQzDlDu-2d3d7ab1-92da-4b48-bed1-77ce431e4dbc_S__9207840.jpg?auto=format&dpr=1&fit=crop&fm=jpg&h=200&w=200,紐澳良海鮮飯 Jambalaya,440
61c5c1ad0bb8dd356b4c9774,https://inline.imgix.net/item/-L-Aw_dzRuLaTWQzDlDu-be12f660-9552-423d-8f2e-8ae5d5a0ca58_DSC01101.jpg?auto=format&dpr=1&fit=crop&fm=jpg&h=200&w=200,安格斯牛排燉飯 Flat Iron Steak Risotto,440
61c5c1df0bb8dd356b4c9775,https://inline.imgix.net/item/-L-Aw_dzRuLaTWQzDlDu-2f6114bd-44f1-41d3-a08f-b70e6614d2ed_炸魚薯條.jpg?auto=format&dpr=1&fit=crop&fm=jpg&h=200&w=200,美國南方人的炸魚薯條 Fish & Chips,320
61c5c2140bb8dd356b4c9776,https://inline.imgix.net/item/-L-Aw_dzRuLaTWQzDlDu-47e623cc-0074-404c-889b-dda2173a5090_916254fa-2f85-4ac4-a48e-5ff017e8218f.jpg?auto=format&dpr=1&fit=crop&fm=jpg&h=200&w=200,小戰斧豬排 Pork Chop-Pork Chop,500
61c5c23f0bb8dd356b4c9777,https://inline.imgix.net/item/-L-Aw_dzRuLaTWQzDlDu-8276881d-323f-4a54-bd21-3d7d0d4f0982_牛堡.jpg?auto=format&dpr=1&fit=crop&fm=jpg&h=200&w=200,費城起司牛排三明治 Philly Cheesesteaks,350
61c6c9933eeabd17711463dd,https://cn-geo1.uber.com/image-proc/resize/eats/format=webp/width=550/height=440/quality=70/srcb64=aHR0cHM6Ly9kMXJhbHNvZ25qbmczNy5jbG91ZGZyb250Lm5ldC9hOTQ4YjdjZS0xNGY0LTQ1YmQtOTk0MS02ZmJhM2IwNTY5MmIuanBlZw==,炸豬排歐姆蛋咖哩,360
61c6cadd3eeabd17711463de,https://cn-geo1.uber.com/image-proc/resize/eats/format=webp/width=550/height=440/quality=70/srcb64=aHR0cHM6Ly9kMXJhbHNvZ25qbmczNy5jbG91ZGZyb250Lm5ldC82ZTk2ODIyNS1jMDdkLTQ1ZTQtOGY4ZS0zMDkxNzczYzVhY2MuanBlZw==,炸雞塊歐姆蛋咖哩,310
61c6cb843eeabd17711463df,https://cn-geo1.uber.com/image-proc/resize/eats/format=webp/width=550/height=440/quality=70/srcb64=aHR0cHM6Ly9kMXJhbHNvZ25qbmczNy5jbG91ZGZyb250Lm5ldC82ZTk2ODIyNS1jMDdkLTQ1ZTQtOGY4ZS0zMDkxNzczYzVhY2MuanBlZw==,菠菜咖哩飯,230
61c6cbe53eeabd17711463e0,https://cn-geo1.uber.com/image-proc/resize/eats/format=webp/width=550/height=440/quality=70/srcb64=aHR0cHM6Ly9kMXJhbHNvZ25qbmczNy5jbG91ZGZyb250Lm5ldC84M2RlZDJhOS0xYzlhLTQ2ZTUtYTAzOS0yNjk3MDYzNTk5OTUuanBlZw==,炸豬排咖哩飯,320
61c6cc893eeabd17711463e1,https://cn-geo1.uber.com/image-proc/resize/eats/format=webp/width=550/height=440/quality=70/srcb64=aHR0cHM6Ly9kMXJhbHNvZ25qbmczNy5jbG91ZGZyb250Lm5ldC80MDM1OTZhNS1lM2Y5LTRkZmQtOTM2MS02ZWQzMjYwYjYxNjUuanBlZw==,日式牛肉燴飯,360
61c6cd593eeabd17711463e2,https://cn-geo1.uber.com/image-proc/resize/eats/format=webp/width=550/height=440/quality=70/srcb64=aHR0cHM6Ly9kMXJhbHNvZ25qbmczNy5jbG91ZGZyb250Lm5ldC9iZWFjNzViNi1lMDRiLTRiYjUtODhiMS1iMDBlMGM1ZTA5MDMuanBlZw==,脆辣雞腿咖哩飯,260
61c6ce0c3eeabd17711463e3,https://cn-geo1.uber.com/image-proc/resize/eats/format=webp/width=550/height=440/quality=70/srcb64=aHR0cHM6Ly9kMXJhbHNvZ25qbmczNy5jbG91ZGZyb250Lm5ldC85Yzk3YmY3YS1mODEzLTQzN2QtYTgzOS03ZDliMzM4YzcxMmIuanBlZw==,全鮭生魚片 (大),120
61c6dbcd3eeabd1771146423,https://cn-geo1.uber.com/image-proc/resize/eats/format=webp/width=550/height=440/quality=70/srcb64=aHR0cHM6Ly9kMXJhbHNvZ25qbmczNy5jbG91ZGZyb250Lm5ldC84MTYxN2Y3OC1mMWYyLTRmNmItOGQyOC04MzJjNWFkZjljMzEuanBlZw==,扇貝茶碗蒸,30
61c6dc273eeabd1771146424,https://cn-geo1.uber.com/image-proc/resize/eats/format=webp/width=550/height=440/quality=70/srcb64=aHR0cHM6Ly9kMXJhbHNvZ25qbmczNy5jbG91ZGZyb250Lm5ldC9kNjIxNGI4ZS00ZmNhLTRmODItOThmYS05Mzg4NDE1YmJlYmYuanBlZw==,鮭鮪旗三拼 (大),220
61c6dc7a3eeabd1771146425,https://cn-geo1.uber.com/image-proc/resize/eats/format=webp/width=550/height=440/quality=70/srcb64=aHR0cHM6Ly9kMXJhbHNvZ25qbmczNy5jbG91ZGZyb250Lm5ldC8wMjAzYjkxNS1mMDAxLTQ3ZmQtYTg5Zi02YjBiMzY2MDM4MjUuanBlZw==,焦糖起士雙享宴,250
61c6dcba3eeabd1771146426,https://cn-geo1.uber.com/image-proc/resize/eats/format=webp/width=550/height=440/quality=70/srcb64=aHR0cHM6Ly9kMXJhbHNvZ25qbmczNy5jbG91ZGZyb250Lm5ldC9lOGEwY2U5YS0zYzQxLTQ4ZjQtYTg3OS1jZjJhYTRjYTY2MjcuanBlZw==,蟹風味棒沙拉,30
61c6dce43eeabd1771146427,https://cn-geo1.uber.com/image-proc/resize/eats/format=webp/width=550/height=440/quality=70/srcb64=aHR0cHM6Ly9kMXJhbHNvZ25qbmczNy5jbG91ZGZyb250Lm5ldC80MTFkZWVmOC1iYmZjLTQ5NzEtYWE1NC1iNzdhMGJlMDI1NzAuanBlZw==,代鮑沙拉,30
61c6dd5b3eeabd1771146428,https://cn-geo1.uber.com/image-proc/resize/eats/format=webp/width=550/height=440/quality=70/srcb64=aHR0cHM6Ly9kMXJhbHNvZ25qbmczNy5jbG91ZGZyb250Lm5ldC84ZWQ1ZmY0OS0yOThiLTRhMWQtODIzZS03ZWQ2YmE3MTQwZjEuanBlZw==,大蒜拳骨白濃拉麵,170
61c6dd9f3eeabd1771146429,https://cn-geo1.uber.com/image-proc/resize/eats/format=webp/width=550/height=440/quality=70/srcb64=aHR0cHM6Ly9kMXJhbHNvZ25qbmczNy5jbG91ZGZyb250Lm5ldC84ZWQ1ZmY0OS0yOThiLTRhMWQtODIzZS03ZWQ2YmE3MTQwZjEuanBlZw==,大蒜拳骨拉麵,170
61c6ddc53eeabd177114642a,https://cn-geo1.uber.com/image-proc/resize/eats/format=webp/width=550/height=440/quality=70/srcb64=aHR0cHM6Ly9kMXJhbHNvZ25qbmczNy5jbG91ZGZyb250Lm5ldC8yMzRmZjlmYS0yMDU3LTQ5NDItOWEyYi1mYTJiZmY3MWM4ZDkuanBlZw==,醬油奶香鐵板炒飯,170
61c6de1a3eeabd177114642b,https://cn-geo1.uber.com/image-proc/resize/eats/format=webp/width=550/height=440/quality=70/srcb64=aHR0cHM6Ly9kMXJhbHNvZ25qbmczNy5jbG91ZGZyb250Lm5ldC9kNWEzMTZlNy04MGY3LTQ4ZTAtYTM4OS1iMDdjMmU1OGRhNjUuanBlZw==,大蒜激辣叉燒拉麵,260
61c6de443eeabd177114642c,https://cn-geo1.uber.com/image-proc/resize/eats/format=webp/width=550/height=440/quality=70/srcb64=aHR0cHM6Ly9kMXJhbHNvZ25qbmczNy5jbG91ZGZyb250Lm5ldC8zNWQxNGY4Ny0wYzQ0LTRhYzgtOTZjOC1kNzc2Yzk5MWJlYTcuanBlZw==,黃金煎餃,60
61c6de6b3eeabd177114642d,https://d1ralsognjng37.cloudfront.net/61a04536-f640-40a3-ab2b-29f93398505e.jpeg,金黃薯條,55
61c6def23eeabd177114642e,https://cn-geo1.uber.com/image-proc/resize/eats/format=webp/width=550/height=440/quality=70/srcb64=aHR0cHM6Ly9kMXJhbHNvZ25qbmczNy5jbG91ZGZyb250Lm5ldC9lYzg2MmMzYS1kNzhiLTRkODAtYmU2ZS0wZDEzNGNkZjg5OTUuanBlZw==,牛丼,100
61c6df113eeabd177114642f,https://cn-geo1.uber.com/image-proc/resize/eats/format=webp/width=550/height=440/quality=70/srcb64=aHR0cHM6Ly9kMXJhbHNvZ25qbmczNy5jbG91ZGZyb250Lm5ldC8yZGRkMDg4Yy1mOTVmLTQ5NjktYjQxYS1mMjJjNGE5OThlMDYuanBlZw==,蔥溫玉牛丼,140
61c6df4f3eeabd1771146430,https://cn-geo1.uber.com/image-proc/resize/eats/format=webp/width=550/height=440/quality=70/srcb64=aHR0cHM6Ly9kMXJhbHNvZ25qbmczNy5jbG91ZGZyb250Lm5ldC8xNWE4NTAwNS0zMmM3LTQ5Y2QtYTNlNi1lZDNmYjYzNGFmOGQuanBlZw==,鹽蔥炙燒豚丼,170
61c6df7b3eeabd1771146431,https://cn-geo1.uber.com/image-proc/resize/eats/format=webp/width=550/height=440/quality=70/srcb64=aHR0cHM6Ly9kMXJhbHNvZ25qbmczNy5jbG91ZGZyb250Lm5ldC9lZjg2MzhiZi0wZDlmLTQ3OGItODlhMy02YTI1ZTIwODFjNzUuanBlZw==,熱熔起司牛丼,160
61c6dfef3eeabd1771146432,https://d1ralsognjng37.cloudfront.net/b753da44-21b0-4578-89db-752384ab02b4.jpeg,泡菜牛丼,140
61c6e0103eeabd1771146433,https://d1ralsognjng37.cloudfront.net/76e7ad27-ebfe-47a7-80f7-ce7ba449db5e.jpeg,可樂餅咖哩,130
61c6e0953eeabd1771146434,https://d1ralsognjng37.cloudfront.net/91504c46-123d-424a-a65c-7573d9c3fa78.jpeg,上湯烏龍麵,95
61c6e0ba3eeabd1771146435,https://d1ralsognjng37.cloudfront.net/cf798feb-2966-4983-a45c-ca2e5ca4edac.jpeg,讚岐烏龍麵,130
61c6e1143eeabd1771146436,https://d1ralsognjng37.cloudfront.net/067f6f49-8bce-40b7-904e-0b6d73e08412.jpeg,豆皮烏龍麵,130
61c6e1413eeabd1771146437,https://d1ralsognjng37.cloudfront.net/48a1a813-f94e-44f6-9267-a4cf528b44b4.jpeg,牛肉明太子烏龍麵,175
61c6e1633eeabd1771146438,https://cn-geo1.uber.com/image-proc/resize/eats/format=webp/width=550/height=440/quality=70/srcb64=aHR0cHM6Ly9kMXJhbHNvZ25qbmczNy5jbG91ZGZyb250Lm5ldC80ODViNjcwYi1kN2U4LTQ2YTQtOTM3ZS1jYjg1MzllYjJmZmQuanBlZw==,豚骨烏龍麵,175
61c6e19b3eeabd1771146439,https://cn-geo1.uber.com/image-proc/resize/eats/format=webp/width=550/height=440/quality=70/srcb64=aHR0cHM6Ly9kMXJhbHNvZ25qbmczNy5jbG91ZGZyb250Lm5ldC9kMTljZDMzMS0zNGI1LTRhOWMtOTQyNy03NDlhMDc1NmYzMDg=,胡麻烏龍麵,125
61c6e20c3eeabd177114643a,https://d1ralsognjng37.cloudfront.net/e65c7ec9-4041-4bef-81ab-920d3d5eb2cc.jpeg,炸排骨飯,135
61c6e2303eeabd177114643b,https://cn-geo1.uber.com/image-proc/resize/eats/format=webp/width=550/height=440/quality=70/srcb64=aHR0cHM6Ly9kMXJhbHNvZ25qbmczNy5jbG91ZGZyb250Lm5ldC8wNDM1YmZhZS01YWFjLTQ4ODctOTVhMS1lMTIwZTBjMzQ2YzEuanBlZw==,玫瑰油雞飯,130
61c6e2433eeabd177114643c,https://cn-geo1.uber.com/image-proc/resize/eats/format=webp/width=550/height=440/quality=70/srcb64=aHR0cHM6Ly9kMXJhbHNvZ25qbmczNy5jbG91ZGZyb250Lm5ldC9kZjY5OGZhNC02Njg0LTRkZTEtYWMxMS02NGYzZjQ2NDNjNmYuanBlZw==,炸雞腿飯,140
61c6e2603eeabd177114643d,https://cn-geo1.uber.com/image-proc/resize/eats/format=webp/width=550/height=440/quality=70/srcb64=aHR0cHM6Ly9kMXJhbHNvZ25qbmczNy5jbG91ZGZyb250Lm5ldC9lZjE3ZDU1MS03ZWVkLTQ1MTktYmRlZC00NGU1NzBjZGJkNjguanBlZw==,椒鹽雞塊,70
61c6e2ab3eeabd177114643e,https://cn-geo1.uber.com/image-proc/resize/eats/format=webp/width=550/height=440/quality=70/srcb64=aHR0cHM6Ly9kMXJhbHNvZ25qbmczNy5jbG91ZGZyb250Lm5ldC9mM2U4ODQxYi0yODVjLTRjNmQtOTVhMy04NDI2MWFhNzM5YmQuanBlZw==,燙青菜,45
61c6e2d13eeabd177114643f,https://cn-geo1.uber.com/image-proc/resize/eats/format=webp/width=550/height=440/quality=70/srcb64=aHR0cHM6Ly9kMXJhbHNvZ25qbmczNy5jbG91ZGZyb250Lm5ldC82OGFhMmNlMy00ZTQ4LTQ4ZGItOWM0Yi02NDNlZTBkYTZjNjEuanBlZw==,蜂蜜香檸茶,35
61c6e3a83eeabd1771146440,https://cn-geo1.uber.com/image-proc/resize/eats/format=webp/width=550/height=440/quality=70/srcb64=aHR0cHM6Ly9kMXJhbHNvZ25qbmczNy5jbG91ZGZyb250Lm5ldC9hNThiNzI0ZC01ZTk0LTQ1N2EtYThlZS0xY2Q0ODk3YmIxMTcuanBlZw==,剝皮辣椒燉雞粥,140
61c6e3c23eeabd1771146441,https://cn-geo1.uber.com/image-proc/resize/eats/format=webp/width=550/height=440/quality=70/srcb64=aHR0cHM6Ly9kMXJhbHNvZ25qbmczNy5jbG91ZGZyb250Lm5ldC85ZmJkNjgxNC1jMTI1LTQyZWItYWI0NS0zN2Y0MDU4NGZhMGQuanBlZw==,雪菜牛肉粥,130
61c6e4003eeabd1771146442,https://cn-geo1.uber.com/image-proc/resize/eats/format=webp/width=550/height=440/quality=70/srcb64=aHR0cHM6Ly9kMXJhbHNvZ25qbmczNy5jbG91ZGZyb250Lm5ldC9iZjA0Y2QyMy02MThjLTRjNWQtOGYwOS04ZjlkNzNlMjMwYzguanBlZw==,深海鱸魚粥,150
61c6e41a3eeabd1771146443,https://cn-geo1.uber.com/image-proc/resize/eats/format=webp/width=550/height=440/quality=70/srcb64=aHR0cHM6Ly9kMXJhbHNvZ25qbmczNy5jbG91ZGZyb250Lm5ldC84MDc3ZDVkYi0yNmVkLTQ4YjktOTcxYS04NjQ1NWM0YjIwYTEuanBlZw==,松花片鴨粥,140
61c6e4353eeabd1771146444,https://cn-geo1.uber.com/image-proc/resize/eats/format=webp/width=550/height=440/quality=70/srcb64=aHR0cHM6Ly9kMXJhbHNvZ25qbmczNy5jbG91ZGZyb250Lm5ldC9lZGUyZDI5OC0zYjczLTQ1MTgtOWJlMC0yNzgwMDA4NTQ5NjEuanBlZw==,南瓜田園燉菜粥,130
61c6e46f3eeabd1771146445,https://cn-geo1.uber.com/image-proc/resize/eats/format=webp/width=550/height=440/quality=70/srcb64=aHR0cHM6Ly9kMXJhbHNvZ25qbmczNy5jbG91ZGZyb250Lm5ldC82MDdiNzI5Yy1kYWQwLTQ0NzMtODFiZS00M2M2YzZjMDkzODkuanBlZw==,椒汁鱸魚粥,160
61c6e4c33eeabd1771146446,https://d1ralsognjng37.cloudfront.net/380e2471-ecdc-43f5-b86c-a26b92c61637.jpeg,私房紅燒牛肉麵,160
61c6e4e23eeabd1771146447,https://cn-geo1.uber.com/image-proc/resize/eats/format=webp/width=550/height=440/quality=70/srcb64=aHR0cHM6Ly9kMXJhbHNvZ25qbmczNy5jbG91ZGZyb250Lm5ldC8wMTE4ZGMyNS0zOTgzLTQ0MDctOTAxNy03OTgzZTgxZjMwZmIuanBlZw==,紅燒半筋半肉麵,250
61c6e5033eeabd1771146448,https://cn-geo1.uber.com/image-proc/resize/eats/format=webp/width=550/height=440/quality=70/srcb64=aHR0cHM6Ly9kMXJhbHNvZ25qbmczNy5jbG91ZGZyb250Lm5ldC8yZWVjYTU1My02MTA2LTRmMTQtODczMi0zNjg3YjRkY2MwNjEuanBlZw==,高麗菜鮮肉水餃,75
61c6e5263eeabd1771146449,https://cn-geo1.uber.com/image-proc/resize/eats/format=webp/width=550/height=440/quality=70/srcb64=aHR0cHM6Ly9kMXJhbHNvZ25qbmczNy5jbG91ZGZyb250Lm5ldC9iMGI4NjViMS1hZTVjLTRmZTMtODUzNi1jZDllZDcxNDNmOGEuanBlZw==,紅麴番茄牛肉麵,290
61c6e53e3eeabd177114644a,https://cn-geo1.uber.com/image-proc/resize/eats/format=webp/width=550/height=440/quality=70/srcb64=aHR0cHM6Ly9kMXJhbHNvZ25qbmczNy5jbG91ZGZyb250Lm5ldC9iNDAwMTJiZC01M2ZhLTRjYWQtYTRhNy02NWFlOTUwMmFlYTguanBlZw==,清燉金心牛肉麵,200
61c6e5573eeabd177114644b,https://cn-geo1.uber.com/image-proc/resize/eats/format=webp/width=550/height=440/quality=70/srcb64=aHR0cHM6Ly9kMXJhbHNvZ25qbmczNy5jbG91ZGZyb250Lm5ldC8wNTJhMGVhMC0wMDExLTRlZGEtYTk3Mi0yMGUxMzBkMmY0ZWYuanBlZw==,麻辣牛肉麵,220
61c7f7f870be1123743145ca,https://cn-geo1.uber.com/image-proc/resize/eats/format=webp/width=550/height=440/quality=70/srcb64=aHR0cHM6Ly9kMXJhbHNvZ25qbmczNy5jbG91ZGZyb250Lm5ldC9iNDBhNjk3Ny1lZmE0LTRlYWItYjQwMS1kOGQ5NDI1MWM3MDcuanBlZw==,冰觀音珍珠奶茶,95
61c7f84b70be1123743145cb,https://cn-geo1.uber.com/image-proc/resize/eats/format=webp/width=550/height=440/quality=70/srcb64=aHR0cHM6Ly9kMXJhbHNvZ25qbmczNy5jbG91ZGZyb250Lm5ldC9mMmIxMmUxNi0yODA2LTQ3MWItOTgzNS1iZDIwZjUyODg4MGQuanBlZw==,冰珍珠奶茶,95
61c7f87470be1123743145cc,https://cn-geo1.uber.com/image-proc/resize/eats/format=webp/width=550/height=440/quality=70/srcb64=aHR0cHM6Ly9kMXJhbHNvZ25qbmczNy5jbG91ZGZyb250Lm5ldC81ZWZhNDBlNy0xNGFkLTQ3OGMtYmY4Ny1kMzg3YTkwZTcwZTguanBlZw==,功夫麵 (乾) ,95
61c7f89570be1123743145cd,https://cn-geo1.uber.com/image-proc/resize/eats/format=webp/width=550/height=440/quality=70/srcb64=aHR0cHM6Ly9kMXJhbHNvZ25qbmczNy5jbG91ZGZyb250Lm5ldC83NTFiNmU0YS1hMjVkLTQ3MGUtYTZhNS04ODg5ZTI4NTI1OTkuanBlZw==,冰燕麥紅茶拿鐵,105
61c7f8b270be1123743145ce,https://cn-geo1.uber.com/image-proc/resize/eats/format=webp/width=550/height=440/quality=70/srcb64=aHR0cHM6Ly9kMXJhbHNvZ25qbmczNy5jbG91ZGZyb250Lm5ldC8wNWY2ZmIwYi0xNDY5LTQyZDUtYjNjMi0wNDAxMjQyNmRjMjIuanBlZw==,金沙芋泥丸,95
61c7f8e270be1123743145cf,https://cn-geo1.uber.com/image-proc/resize/eats/format=webp/width=550/height=440/quality=70/srcb64=aHR0cHM6Ly9kMXJhbHNvZ25qbmczNy5jbG91ZGZyb250Lm5ldC80ZTY2YmE2MS0wZjA2LTQ3MWYtYjFkMC1iZDQ5MjA1NGExYTMuanBlZw==,御品牛肉麵,200
61c7f99670be1123743145d0,https://cn-geo1.uber.com/image-proc/resize/eats/format=webp/width=550/height=440/quality=70/srcb64=aHR0cHM6Ly9kMXJhbHNvZ25qbmczNy5jbG91ZGZyb250Lm5ldC9iMzExYTljZC1lODNjLTQzMmQtYWFlMS1hMGFkYTE4MGRkM2EuanBlZw==,小籠包,140
61c8140d70be1123743145d1,https://cn-geo1.uber.com/image-proc/resize/eats/format=webp/width=550/height=440/quality=70/srcb64=aHR0cHM6Ly9kMXJhbHNvZ25qbmczNy5jbG91ZGZyb250Lm5ldC8zNDQ1ZmJjYS0xMTcwLTRiZjAtOTIyYS1lYzNlOGNiNjM0N2EuanBlZw==,排骨蛋炒飯,250
61c8142770be1123743145d2,https://cn-geo1.uber.com/image-proc/resize/eats/format=webp/width=550/height=440/quality=70/srcb64=aHR0cHM6Ly9kMXJhbHNvZ25qbmczNy5jbG91ZGZyb250Lm5ldC9mYzhlMzE5OC0xZDZkLTRlYTgtODlkNy05MzNhMDI0OWE1ZjQuanBlZw==,蝦肉紅油抄手,190
61c8146370be1123743145d3,https://cn-geo1.uber.com/image-proc/resize/eats/format=webp/width=550/height=440/quality=70/srcb64=aHR0cHM6Ly9kMXJhbHNvZ25qbmczNy5jbG91ZGZyb250Lm5ldC8xNzAxMjc3Mi0zM2MxLTQzZTgtOGIwNy05OGRjNTRjMjE3ZDIuanBlZw==,菠菜,210
61c8147970be1123743145d4,https://cn-geo1.uber.com/image-proc/resize/eats/format=webp/width=550/height=440/quality=70/srcb64=aHR0cHM6Ly9kMXJhbHNvZ25qbmczNy5jbG91ZGZyb250Lm5ldC84MzI0Yzc5Zi0wNjc4LTQ4ZGYtOWUwNC1mYTFhYzUxMGZlNTIuanBlZw==,鮮肉大包,90
61c814b670be1123743145d6,https://cn-geo1.uber.com/image-proc/resize/eats/format=webp/width=550/height=440/quality=70/srcb64=aHR0cHM6Ly9kMXJhbHNvZ25qbmczNy5jbG91ZGZyb250Lm5ldC80ZTZhN2NiMi1mYjAzLTQ1Y2MtODc1MS04ZmNjNzM0NDU3NTkuanBlZw==,香菇素餃,160
61c8322ed31a6749c0abf787,https://picsum.photos/id/193200,涮涮鍋,401
61c8322ed31a6749c0abf78d,https://picsum.photos/id/465200,涼麵,166
61c8322fd31a6749c0abf797,https://picsum.photos/id/878200,味噌湯,263
61c8322fd31a6749c0abf7a0,https://picsum.photos/id/563200,土瓶蒸,220
61c8322fd31a6749c0abf7aa,https://picsum.photos/id/751200,麻糬,315
61c83230d31a6749c0abf7b0,https://picsum.photos/id/165200,燒賣,403
61c83230d31a6749c0abf7bd,https://picsum.photos/id/715200,生蠔,356
61c83231d31a6749c0abf7c3,https://picsum.photos/id/701200,布丁,251
61c83231d31a6749c0abf7cd,https://picsum.photos/id/283200,涼麵,454
61c83232d31a6749c0abf7da,https://picsum.photos/id/90200,羹,116
61c83232d31a6749c0abf7e4,https://picsum.photos/id/220200,蒸餃,422
61c83233d31a6749c0abf7ee,https://picsum.photos/id/449200,雪花冰,202
61c83233d31a6749c0abf7f7,https://picsum.photos/id/463200,涼麵,200
61c83233d31a6749c0abf7fd,https://picsum.photos/id/846200,雪花冰,233
61c83234d31a6749c0abf803,https://picsum.photos/id/273200,雪花冰,483
61c8339bd31a6749c0abf80c,https://picsum.photos/id/967200,拉麵,463
61c8339cd31a6749c0abf816,https://picsum.photos/id/498200,燉飯,125
61c8339cd31a6749c0abf820,https://picsum.photos/id/868200,餅乾,86
61c8339dd31a6749c0abf82d,https://picsum.photos/id/437200,熱炒,134
61c8339dd31a6749c0abf833,https://picsum.photos/id/163200,熱炒,210
61c8339dd31a6749c0abf83d,https://picsum.photos/id/258200,粥,147
61c8339ed31a6749c0abf84a,https://picsum.photos/id/426200,義大利麵,102
61c8339fd31a6749c0abf854,https://picsum.photos/id/72200,土瓶蒸,296
61c8339fd31a6749c0abf85a,https://picsum.photos/id/894200,一夜干,69
61c8339fd31a6749c0abf867,https://picsum.photos/id/517200,羊小排,110
61c833a0d31a6749c0abf871,https://picsum.photos/id/881200,烏龍麵,179
61c833a0d31a6749c0abf87b,https://picsum.photos/id/670200,湯,89
61c833a1d31a6749c0abf884,https://picsum.photos/id/404200,義大利麵,15
61c833a1d31a6749c0abf88e,https://picsum.photos/id/193200,蒸餃,373
61c833a2d31a6749c0abf898,https://picsum.photos/id/610200,烏龍麵,326
61c833a2d31a6749c0abf8a5,https://picsum.photos/id/755200,生蠔,381
61c833a3d31a6749c0abf8ab,https://picsum.photos/id/143200,大福,391
61c833a3d31a6749c0abf8b5,https://picsum.photos/id/59200,披薩,455
61c833a4d31a6749c0abf8c2,https://picsum.photos/id/150200,燉飯,142
61c833a4d31a6749c0abf8c8,https://picsum.photos/id/325200,披薩,247
61c833a4d31a6749c0abf8ce,https://picsum.photos/id/628200,春捲,116
61c833a5d31a6749c0abf8db,https://picsum.photos/id/418200,罐頭,322
61c833a6d31a6749c0abf8e5,https://picsum.photos/id/114200,涼麵,494
61c833a6d31a6749c0abf8ef,https://picsum.photos/id/84200,滷肉,294
61c833a6d31a6749c0abf8f8,https://picsum.photos/id/331200,蛋,71
61c833a7d31a6749c0abf902,https://picsum.photos/id/916200,雪花冰,474
61c833a7d31a6749c0abf908,https://picsum.photos/id/523200,涮涮鍋,184
61c833a8d31a6749c0abf915,https://picsum.photos/id/949200,咖哩,289
61c833a8d31a6749c0abf91b,https://picsum.photos/id/709200,雪花冰,461
61c833a9d31a6749c0abf925,https://picsum.photos/id/893200,冰淇淋,359
61c833ecd31a6749c0abf932,https://picsum.photos/id/815200,炒飯,460
61c833edd31a6749c0abf93c,https://picsum.photos/id/493200,奶酪,361
61c833edd31a6749c0abf946,https://picsum.photos/id/312200,奶酪,311
61c833eed31a6749c0abf94f,https://picsum.photos/id/525200,提拉米蘇,198
61c833eed31a6749c0abf955,https://picsum.photos/id/527200,雪花冰,3
61c833eed31a6749c0abf95f,https://picsum.photos/id/461200,咖哩,172
61c833efd31a6749c0abf968,https://picsum.photos/id/565200,果凍,261
61c833efd31a6749c0abf96e,https://picsum.photos/id/183200,蛋糕,255
61c833efd31a6749c0abf974,https://picsum.photos/id/899200,粥,167
61c833f0d31a6749c0abf981,https://picsum.photos/id/769200,雪花冰,61
61c833f0d31a6749c0abf987,https://picsum.photos/id/215200,涮涮鍋,459
61c833f1d31a6749c0abf991,https://picsum.photos/id/791200,糕餅,171
61c833f1d31a6749c0abf99a,https://picsum.photos/id/640200,鹽水雞,20
61c833f1d31a6749c0abf9a4,https://picsum.photos/id/558200,包子,481
61c833f2d31a6749c0abf9ae,https://picsum.photos/id/408200,燉飯,446
61c8342bd31a6749c0abf9bb,https://picsum.photos/id/9200,春捲,323
61c8342bd31a6749c0abf9bd,https://picsum.photos/id/955200,雪花冰,291
61c8342bd31a6749c0abf9bf,https://picsum.photos/id/996200,麻辣鍋,80
61c8342bd31a6749c0abf9c1,https://picsum.photos/id/45200,鹽酥雞,187
61c8342bd31a6749c0abf9c6,https://picsum.photos/id/924200,粥,496
61c8342bd31a6749c0abf9c8,https://picsum.photos/id/219200,可樂餅,158
61c8342bd31a6749c0abf9ca,https://picsum.photos/id/256200,包子,469
61c8342cd31a6749c0abf9cc,https://picsum.photos/id/867200,串燒,159
61c8342cd31a6749c0abf9d1,https://picsum.photos/id/735200,麻辣鍋,483
61c8342cd31a6749c0abf9d3,https://picsum.photos/id/23200,蛋,61
61c8342cd31a6749c0abf9d5,https://picsum.photos/id/835200,大福,452
61c8342cd31a6749c0abf9d7,https://picsum.photos/id/200200,豆腐,205
61c8342cd31a6749c0abf9dc,https://picsum.photos/id/437200,湯,68
61c8342cd31a6749c0abf9de,https://picsum.photos/id/965200,土瓶蒸,424
61c8342cd31a6749c0abf9e0,https://picsum.photos/id/838200,蛋糕,373
61c8342dd31a6749c0abf9e2,https://picsum.photos/id/617200,一夜干,108
61c8342dd31a6749c0abf9e7,https://picsum.photos/id/63200,布丁,210
61c8342dd31a6749c0abf9e9,https://picsum.photos/id/214200,拉麵,266
61c8342dd31a6749c0abf9eb,https://picsum.photos/id/296200,生蠔,410
61c8342dd31a6749c0abf9ed,https://picsum.photos/id/631200,餅乾,318
61c8342dd31a6749c0abf9f2,https://picsum.photos/id/39200,包子,305
61c8342dd31a6749c0abf9f4,https://picsum.photos/id/455200,披薩,109
61c8342dd31a6749c0abf9f6,https://picsum.photos/id/156200,卷餅,220
61c8342ed31a6749c0abf9f8,https://picsum.photos/id/900200,包子,147
61c8342ed31a6749c0abf9fd,https://picsum.photos/id/983200,饅頭,359
61c8342ed31a6749c0abf9ff,https://picsum.photos/id/329200,醃漬品,287
61c8342ed31a6749c0abfa01,https://picsum.photos/id/63200,果凍,374
61c8342ed31a6749c0abfa03,https://picsum.photos/id/550200,咖哩,246
61c8342ed31a6749c0abfa08,https://picsum.photos/id/721200,罐頭,452
61c8342ed31a6749c0abfa0a,https://picsum.photos/id/561200,糕餅,139
61c8342fd31a6749c0abfa0c,https://picsum.photos/id/962200,咖哩,368
61c8342fd31a6749c0abfa0e,https://picsum.photos/id/119200,蛋,270
61c8342fd31a6749c0abfa13,https://picsum.photos/id/100200,沙拉,82
61c8342fd31a6749c0abfa15,https://picsum.photos/id/449200,饅頭,431
61c8342fd31a6749c0abfa17,https://picsum.photos/id/977200,涮涮鍋,472
61c8342fd31a6749c0abfa19,https://picsum.photos/id/23200,手捲,398
61c83430d31a6749c0abfa1e,https://picsum.photos/id/196200,涮涮鍋,248
61c83430d31a6749c0abfa20,https://picsum.photos/id/170200,披薩,497
61c83430d31a6749c0abfa22,https://picsum.photos/id/450200,餃子,397
61c83430d31a6749c0abfa24,https://picsum.photos/id/55200,糕餅,23
61c83440d31a6749c0abfa29,https://picsum.photos/id/298200,火腿,460
61c83440d31a6749c0abfa2b,https://picsum.photos/id/824200,味噌湯,117
61c83440d31a6749c0abfa2d,https://picsum.photos/id/727200,沙拉,87
61c83440d31a6749c0abfa2f,https://picsum.photos/id/223200,散壽司,465
61c83440d31a6749c0abfa31,https://picsum.photos/id/705200,豆腐,209
61c83441d31a6749c0abfa33,https://picsum.photos/id/808200,可樂餅,177
61c83441d31a6749c0abfa38,https://picsum.photos/id/167200,奶酪,274
61c83441d31a6749c0abfa3a,https://picsum.photos/id/268200,大魯麵,409
61c83441d31a6749c0abfa3c,https://picsum.photos/id/23200,握壽司,47
61c83441d31a6749c0abfa3e,https://picsum.photos/id/246200,拉麵,25
61c83441d31a6749c0abfa40,https://picsum.photos/id/426200,散壽司,472
61c83441d31a6749c0abfa42,https://picsum.photos/id/594200,散壽司,487
61c83441d31a6749c0abfa47,https://picsum.photos/id/26200,粥,164
61c83442d31a6749c0abfa49,https://picsum.photos/id/749200,布丁,47
61c83442d31a6749c0abfa4b,https://picsum.photos/id/645200,卷餅,26
61c83442d31a6749c0abfa4d,https://picsum.photos/id/929200,豆腐,272
61c83442d31a6749c0abfa4f,https://picsum.photos/id/87200,燉飯,284
61c83442d31a6749c0abfa51,https://picsum.photos/id/551200,蛋糕,288
61c83442d31a6749c0abfa56,https://picsum.photos/id/138200,披薩,6
61c83442d31a6749c0abfa58,https://picsum.photos/id/790200,饅頭,471
61c83442d31a6749c0abfa5a,https://picsum.photos/id/679200,包子,350
61c83442d31a6749c0abfa5c,https://picsum.photos/id/109200,甜食,104
61c83442d31a6749c0abfa5e,https://picsum.photos/id/127200,蛋,495
61c83443d31a6749c0abfa60,https://picsum.photos/id/825200,乳酪,40
61c83443d31a6749c0abfa65,https://picsum.photos/id/22200,一夜干,276
61c83443d31a6749c0abfa67,https://picsum.photos/id/304200,糕餅,186
61c83443d31a6749c0abfa69,https://picsum.photos/id/554200,義大利麵,306
61c83443d31a6749c0abfa6b,https://picsum.photos/id/61200,春捲,337
61c83443d31a6749c0abfa6d,https://picsum.photos/id/596200,火腿,3
61c83443d31a6749c0abfa6f,https://picsum.photos/id/873200,土瓶蒸,404
61c83443d31a6749c0abfa74,https://picsum.photos/id/280200,鹽水雞,227
61c83443d31a6749c0abfa76,https://picsum.photos/id/345200,一夜干,396
61c83444d31a6749c0abfa78,https://picsum.photos/id/451200,一夜干,493
61c83444d31a6749c0abfa7a,https://picsum.photos/id/732200,生蠔,71
61c83444d31a6749c0abfa7c,https://picsum.photos/id/247200,果凍,207
61c83444d31a6749c0abfa7e,https://picsum.photos/id/125200,餃子,292
61c83444d31a6749c0abfa83,https://picsum.photos/id/411200,手捲,63
61c83444d31a6749c0abfa85,https://picsum.photos/id/916200,卷餅,500
61c83444d31a6749c0abfa87,https://picsum.photos/id/491200,豆腐,171
61c83444d31a6749c0abfa89,https://picsum.photos/id/352200,串燒,428
61c83444d31a6749c0abfa8b,https://picsum.photos/id/301200,春捲,41
61c83444d31a6749c0abfa8d,https://picsum.photos/id/900200,餅乾,157
61c83445d31a6749c0abfa92,https://picsum.photos/id/437200,涼麵,43
61c83445d31a6749c0abfa94,https://picsum.photos/id/810200,鹽水雞,75
61c83445d31a6749c0abfa96,https://picsum.photos/id/148200,生魚片,435
61c83445d31a6749c0abfa98,https://picsum.photos/id/247200,餅乾,491
61c83445d31a6749c0abfa9a,https://picsum.photos/id/919200,烏龍麵,416
61c83445d31a6749c0abfa9c,https://picsum.photos/id/385200,蛋糕,136
61c83445d31a6749c0abfaa1,https://picsum.photos/id/627200,湯,167
61c83446d31a6749c0abfaa3,https://picsum.photos/id/469200,披薩,449
61c83446d31a6749c0abfaa5,https://picsum.photos/id/577200,手捲,3
61c83446d31a6749c0abfaa7,https://picsum.photos/id/395200,羊小排,62
61c83446d31a6749c0abfaa9,https://picsum.photos/id/454200,滷肉,360
61c83446d31a6749c0abfaab,https://picsum.photos/id/259200,鹽酥雞,415
61c83446d31a6749c0abfab0,https://picsum.photos/id/860200,鹽水雞,267
61c83446d31a6749c0abfab2,https://picsum.photos/id/141200,蒸餃,197
61c83446d31a6749c0abfab4,https://picsum.photos/id/658200,醃漬品,474
61c83446d31a6749c0abfab6,https://picsum.photos/id/94200,糕餅,124
61c83447d31a6749c0abfab8,https://picsum.photos/id/172200,咖哩,415
61c83447d31a6749c0abfaba,https://picsum.photos/id/277200,春捲,14
61c83447d31a6749c0abfabf,https://picsum.photos/id/238200,乳酪,478
61c83447d31a6749c0abfac1,https://picsum.photos/id/436200,卷餅,129
61c83447d31a6749c0abfac3,https://picsum.photos/id/456200,涮涮鍋,7
61c83447d31a6749c0abfac5,https://picsum.photos/id/56200,涮涮鍋,355
61c83447d31a6749c0abfac7,https://picsum.photos/id/179200,果凍,300
61c83447d31a6749c0abfac9,https://picsum.photos/id/377200,麻辣鍋,214
61c83448d31a6749c0abface,https://picsum.photos/id/433200,麻辣鍋,287
61c83448d31a6749c0abfad0,https://picsum.photos/id/808200,一夜干,330
61c83448d31a6749c0abfad2,https://picsum.photos/id/104200,餃子,142
61c83448d31a6749c0abfad4,https://picsum.photos/id/216200,雪花冰,154
61c83448d31a6749c0abfad6,https://picsum.photos/id/688200,味噌湯,74
61c83448d31a6749c0abfad8,https://picsum.photos/id/802200,果凍,476
61c83448d31a6749c0abfadd,https://picsum.photos/id/595200,提拉米蘇,447
61c83448d31a6749c0abfadf,https://picsum.photos/id/39200,烏龍麵,166
61c83449d31a6749c0abfae1,https://picsum.photos/id/483200,春捲,135
61c83449d31a6749c0abfae3,https://picsum.photos/id/565200,醃漬品,184
61c83449d31a6749c0abfae5,https://picsum.photos/id/975200,卷餅,274
61c83449d31a6749c0abfae7,https://picsum.photos/id/429200,羹,241
61c83449d31a6749c0abfaec,https://picsum.photos/id/108200,味噌湯,460
61c83449d31a6749c0abfaee,https://picsum.photos/id/555200,鹽酥雞,178
61c83449d31a6749c0abfaf0,https://picsum.photos/id/144200,生魚片,252
61c83449d31a6749c0abfaf2,https://picsum.photos/id/416200,甜食,386
61c83449d31a6749c0abfaf4,https://picsum.photos/id/604200,可樂餅,162
61c8344ad31a6749c0abfaf6,https://picsum.photos/id/785200,鹽酥雞,196
61c8344ad31a6749c0abfafb,https://picsum.photos/id/139200,燒賣,190
61c8344ad31a6749c0abfafd,https://picsum.photos/id/560200,熱炒,408
61c8344ad31a6749c0abfaff,https://picsum.photos/id/949200,滷肉,192
61c8344ad31a6749c0abfb01,https://picsum.photos/id/541200,燒賣,348
61c8344ad31a6749c0abfb03,https://picsum.photos/id/978200,咖哩,398
61c8344ad31a6749c0abfb05,https://picsum.photos/id/17200,包子,457
61c8344bd31a6749c0abfb0a,https://picsum.photos/id/733200,一夜干,31
61c8344bd31a6749c0abfb0c,https://picsum.photos/id/163200,乳酪,195
61c8344bd31a6749c0abfb0e,https://picsum.photos/id/304200,羊小排,246
61c8344bd31a6749c0abfb10,https://picsum.photos/id/572200,味噌湯,368
61c8344bd31a6749c0abfb12,https://picsum.photos/id/393200,散壽司,350
61c8344bd31a6749c0abfb14,https://picsum.photos/id/901200,手捲,303
61c8344bd31a6749c0abfb19,https://picsum.photos/id/734200,麻辣鍋,126
61c8344bd31a6749c0abfb1b,https://picsum.photos/id/394200,炒飯,498
61c8344cd31a6749c0abfb1d,https://picsum.photos/id/726200,壽喜燒,442
61c8344cd31a6749c0abfb1f,https://picsum.photos/id/25200,咖哩,127
61c8344cd31a6749c0abfb21,https://picsum.photos/id/888200,麻糬,378
61c8344cd31a6749c0abfb23,https://picsum.photos/id/345200,糕餅,7
61c8344cd31a6749c0abfb28,https://picsum.photos/id/929200,土瓶蒸,470
61c8344cd31a6749c0abfb2a,https://picsum.photos/id/142200,可樂餅,256
61c8344cd31a6749c0abfb2c,https://picsum.photos/id/103200,涼麵,406
61c8344cd31a6749c0abfb2e,https://picsum.photos/id/629200,生蠔,46
61c8344cd31a6749c0abfb30,https://picsum.photos/id/236200,義大利麵,305
61c8344cd31a6749c0abfb32,https://picsum.photos/id/329200,蛋糕,80
61c8344dd31a6749c0abfb37,https://picsum.photos/id/495200,披薩,102
61c8344dd31a6749c0abfb39,https://picsum.photos/id/451200,冰淇淋,355
61c8344dd31a6749c0abfb3b,https://picsum.photos/id/136200,布丁,450
61c8344dd31a6749c0abfb3d,https://picsum.photos/id/182200,大福,300
61c8344dd31a6749c0abfb3f,https://picsum.photos/id/985200,果凍,382
61c8344dd31a6749c0abfb41,https://picsum.photos/id/101200,果凍,173
61c8344dd31a6749c0abfb46,https://picsum.photos/id/931200,一夜干,93
61c8344ed31a6749c0abfb48,https://picsum.photos/id/9200,烤魚,375
61c8344ed31a6749c0abfb4a,https://picsum.photos/id/911200,雪花冰,127
61c8344ed31a6749c0abfb4c,https://picsum.photos/id/819200,大魯麵,410
61c8344ed31a6749c0abfb4e,https://picsum.photos/id/941200,蛋,414
61c8344ed31a6749c0abfb50,https://picsum.photos/id/240200,沙拉,187
61c83478d31a6749c0abfb55,https://picsum.photos/id/895200,咖哩,316
61c83478d31a6749c0abfb57,https://picsum.photos/id/735200,罐頭,379
61c83478d31a6749c0abfb59,https://picsum.photos/id/694200,豆腐,131
61c83478d31a6749c0abfb5b,https://picsum.photos/id/105200,餃子,128
61c83478d31a6749c0abfb5d,https://picsum.photos/id/951200,拉麵,35
61c83478d31a6749c0abfb62,https://picsum.photos/id/521200,烏龍麵,432
61c83479d31a6749c0abfb64,https://picsum.photos/id/500200,可樂餅,289
61c83479d31a6749c0abfb66,https://picsum.photos/id/287200,湯,80
61c83479d31a6749c0abfb68,https://picsum.photos/id/363200,包子,4
61c83479d31a6749c0abfb6a,https://picsum.photos/id/129200,麻辣鍋,292
61c83479d31a6749c0abfb6f,https://picsum.photos/id/853200,披薩,387
61c83479d31a6749c0abfb71,https://picsum.photos/id/693200,糕餅,153
61c83479d31a6749c0abfb73,https://picsum.photos/id/960200,火腿,270
61c83479d31a6749c0abfb75,https://picsum.photos/id/748200,串燒,162
61c83479d31a6749c0abfb77,https://picsum.photos/id/826200,湯,70
61c8347ad31a6749c0abfb7c,https://picsum.photos/id/602200,鹽水雞,304
61c8347ad31a6749c0abfb7e,https://picsum.photos/id/748200,可樂餅,63
61c8347ad31a6749c0abfb80,https://picsum.photos/id/3200,饅頭,2
61c8347ad31a6749c0abfb82,https://picsum.photos/id/434200,生蠔,336
61c8347ad31a6749c0abfb84,https://picsum.photos/id/520200,湯,437
61c8347ad31a6749c0abfb89,https://picsum.photos/id/488200,鹽水雞,72
61c8347ad31a6749c0abfb8b,https://picsum.photos/id/788200,手捲,307
61c8347ad31a6749c0abfb8d,https://picsum.photos/id/120200,燒賣,185
61c8347bd31a6749c0abfb8f,https://picsum.photos/id/188200,土瓶蒸,45
61c8347bd31a6749c0abfb91,https://picsum.photos/id/873200,炒飯,338
61c8347bd31a6749c0abfb96,https://picsum.photos/id/967200,手捲,155
61c8347bd31a6749c0abfb98,https://picsum.photos/id/972200,手捲,391
61c8347bd31a6749c0abfb9a,https://picsum.photos/id/749200,飯,216
61c8347bd31a6749c0abfb9c,https://picsum.photos/id/67200,蛋,125
61c8347bd31a6749c0abfb9e,https://picsum.photos/id/438200,滷肉,117
61c8347cd31a6749c0abfba3,https://picsum.photos/id/707200,羊小排,301
61c8347cd31a6749c0abfba5,https://picsum.photos/id/148200,鹽酥雞,147
61c8347cd31a6749c0abfba7,https://picsum.photos/id/419200,糕餅,467
61c8347cd31a6749c0abfba9,https://picsum.photos/id/275200,烏龍麵,283
61c8347cd31a6749c0abfbab,https://picsum.photos/id/860200,燒賣,335
61c8347cd31a6749c0abfbb0,https://picsum.photos/id/51200,糕餅,260
61c8347cd31a6749c0abfbb2,https://picsum.photos/id/674200,熱炒,152
61c8347cd31a6749c0abfbb4,https://picsum.photos/id/532200,春捲,94
61c8347cd31a6749c0abfbb6,https://picsum.photos/id/45200,甜食,92
61c8347cd31a6749c0abfbb8,https://picsum.photos/id/274200,餃子,212
61c8347dd31a6749c0abfbbd,https://picsum.photos/id/189200,麻辣鍋,411
61c8347dd31a6749c0abfbbf,https://picsum.photos/id/441200,鹽酥雞,104
61c8347dd31a6749c0abfbc1,https://picsum.photos/id/618200,咖哩,336
61c8347dd31a6749c0abfbc3,https://picsum.photos/id/395200,生蠔,44
61c8347dd31a6749c0abfbc5,https://picsum.photos/id/870200,果凍,352
61c8347dd31a6749c0abfbca,https://picsum.photos/id/177200,烤魚,60
61c8347dd31a6749c0abfbcc,https://picsum.photos/id/128200,披薩,69
61c8347dd31a6749c0abfbce,https://picsum.photos/id/590200,壽喜燒,49
61c8347ed31a6749c0abfbd0,https://picsum.photos/id/592200,羊小排,439
61c8347ed31a6749c0abfbd2,https://picsum.photos/id/93200,粥,261
61c8347ed31a6749c0abfbd7,https://picsum.photos/id/77200,熱炒,73
61c8347ed31a6749c0abfbd9,https://picsum.photos/id/933200,飯,29
61c8347ed31a6749c0abfbdb,https://picsum.photos/id/596200,炒飯,322
61c8347ed31a6749c0abfbdd,https://picsum.photos/id/216200,蛋糕,74
61c8347ed31a6749c0abfbdf,https://picsum.photos/id/525200,一夜干,28
61c8347ed31a6749c0abfbe4,https://picsum.photos/id/226200,甜食,405
61c8347fd31a6749c0abfbe6,https://picsum.photos/id/103200,串燒,342
61c8347fd31a6749c0abfbe8,https://picsum.photos/id/784200,鹽酥雞,361
61c8347fd31a6749c0abfbea,https://picsum.photos/id/642200,涮涮鍋,244
61c8347fd31a6749c0abfbec,https://picsum.photos/id/854200,串燒,490
61c8347fd31a6749c0abfbf1,https://picsum.photos/id/597200,燉飯,363
61c8347fd31a6749c0abfbf3,https://picsum.photos/id/360200,羊小排,340
61c8347fd31a6749c0abfbf5,https://picsum.photos/id/423200,乳酪,458
61c8347fd31a6749c0abfbf7,https://picsum.photos/id/83200,生蠔,289
61c8347fd31a6749c0abfbf9,https://picsum.photos/id/140200,可樂餅,351
61c83480d31a6749c0abfbfe,https://picsum.photos/id/416200,生魚片,120
61c83480d31a6749c0abfc00,https://picsum.photos/id/121200,烤魚,78
61c83480d31a6749c0abfc02,https://picsum.photos/id/285200,麻糬,166
61c83480d31a6749c0abfc04,https://picsum.photos/id/271200,火腿,172
61c83480d31a6749c0abfc06,https://picsum.photos/id/828200,握壽司,392
61c83480d31a6749c0abfc0b,https://picsum.photos/id/385200,大魯麵,458
61c83480d31a6749c0abfc0d,https://picsum.photos/id/507200,燒賣,182
61c83480d31a6749c0abfc0f,https://picsum.photos/id/33200,提拉米蘇,429
61c83481d31a6749c0abfc11,https://picsum.photos/id/550200,火腿,345
61c83481d31a6749c0abfc13,https://picsum.photos/id/961200,牛小排,102
61c83481d31a6749c0abfc18,https://picsum.photos/id/919200,生魚片,377
61c83481d31a6749c0abfc1a,https://picsum.photos/id/838200,麻辣鍋,326
61c83481d31a6749c0abfc1c,https://picsum.photos/id/47200,乳酪,465
61c83481d31a6749c0abfc1e,https://picsum.photos/id/822200,奶酪,111
61c83481d31a6749c0abfc20,https://picsum.photos/id/241200,麻辣鍋,8
61c83482d31a6749c0abfc25,https://picsum.photos/id/50200,拉麵,44
61c83482d31a6749c0abfc27,https://picsum.photos/id/475200,握壽司,353
61c83482d31a6749c0abfc29,https://picsum.photos/id/500200,餅乾,86
61c83482d31a6749c0abfc2b,https://picsum.photos/id/869200,糕餅,412
61c83482d31a6749c0abfc2d,https://picsum.photos/id/744200,熱炒,308
61c83482d31a6749c0abfc32,https://picsum.photos/id/969200,熱炒,212
61c83482d31a6749c0abfc34,https://picsum.photos/id/647200,罐頭,351
61c83482d31a6749c0abfc36,https://picsum.photos/id/484200,咖哩,350
61c83483d31a6749c0abfc38,https://picsum.photos/id/51200,麻辣鍋,158
61c83483d31a6749c0abfc3a,https://picsum.photos/id/221200,蛋,136
61c83483d31a6749c0abfc3f,https://picsum.photos/id/644200,罐頭,176
61c83483d31a6749c0abfc41,https://picsum.photos/id/910200,握壽司,407
61c83483d31a6749c0abfc43,https://picsum.photos/id/783200,拉麵,149
61c83483d31a6749c0abfc45,https://picsum.photos/id/29200,沙拉,347
61c83483d31a6749c0abfc47,https://picsum.photos/id/488200,大福,378
61c83484d31a6749c0abfc4c,https://picsum.photos/id/117200,牛小排,379
61c83484d31a6749c0abfc4e,https://picsum.photos/id/94200,奶酪,192
61c83484d31a6749c0abfc50,https://picsum.photos/id/313200,提拉米蘇,168
61c83484d31a6749c0abfc52,https://picsum.photos/id/964200,牛小排,471
61c83484d31a6749c0abfc54,https://picsum.photos/id/29200,饅頭,3
61c83484d31a6749c0abfc59,https://picsum.photos/id/989200,火腿,447
61c83484d31a6749c0abfc5b,https://picsum.photos/id/715200,飯,203
61c83484d31a6749c0abfc5d,https://picsum.photos/id/4200,冰淇淋,465
61c83484d31a6749c0abfc5f,https://picsum.photos/id/35200,羹,293
61c83484d31a6749c0abfc61,https://picsum.photos/id/37200,烏龍麵,105
61c83485d31a6749c0abfc66,https://picsum.photos/id/366200,果凍,403
61c83485d31a6749c0abfc68,https://picsum.photos/id/795200,冰淇淋,96
61c83485d31a6749c0abfc6a,https://picsum.photos/id/819200,餅乾,391
61c83485d31a6749c0abfc6c,https://picsum.photos/id/818200,披薩,274
61c83485d31a6749c0abfc6e,https://picsum.photos/id/402200,饅頭,43
61c83485d31a6749c0abfc73,https://picsum.photos/id/906200,果凍,45
61c83485d31a6749c0abfc75,https://picsum.photos/id/585200,燉飯,126
61c83485d31a6749c0abfc77,https://picsum.photos/id/467200,雪花冰,39
61c83486d31a6749c0abfc79,https://picsum.photos/id/296200,布丁,453
61c83486d31a6749c0abfc7b,https://picsum.photos/id/171200,粥,259
61c83486d31a6749c0abfc80,https://picsum.photos/id/728200,糕餅,472
61c83486d31a6749c0abfc82,https://picsum.photos/id/661200,羊小排,361
61c83486d31a6749c0abfc84,https://picsum.photos/id/2200,麻糬,402
61c83486d31a6749c0abfc86,https://picsum.photos/id/34200,生蠔,500
61c83486d31a6749c0abfc88,https://picsum.photos/id/306200,罐頭,157
61c83486d31a6749c0abfc8d,https://picsum.photos/id/69200,披薩,480
61c83487d31a6749c0abfc8f,https://picsum.photos/id/807200,沙拉,76
61c83487d31a6749c0abfc91,https://picsum.photos/id/784200,飯,448
61c83487d31a6749c0abfc93,https://picsum.photos/id/508200,乳酪,328
61c83487d31a6749c0abfc95,https://picsum.photos/id/170200,麻糬,301
61c83572d31a6749c0abfc9a,https://picsum.photos/id/820200,可樂餅,477
61c83572d31a6749c0abfc9c,https://picsum.photos/id/22200,壽喜燒,267
61c83572d31a6749c0abfc9e,https://picsum.photos/id/197200,湯,455
61c83572d31a6749c0abfca0,https://picsum.photos/id/39200,麻糬,125
61c83573d31a6749c0abfca2,https://picsum.photos/id/784200,餅乾,442
61c83573d31a6749c0abfca4,https://picsum.photos/id/685200,散壽司,150
61c83573d31a6749c0abfca6,https://picsum.photos/id/239200,手捲,112
61c83573d31a6749c0abfca8,https://picsum.photos/id/391200,卷餅,103
61c83573d31a6749c0abfcaa,https://picsum.photos/id/673200,可樂餅,222
61c83573d31a6749c0abfcaf,https://picsum.photos/id/58200,乳酪,221
61c83573d31a6749c0abfcb1,https://picsum.photos/id/340200,雪花冰,186
61c83573d31a6749c0abfcb3,https://picsum.photos/id/704200,咖哩,236
61c83573d31a6749c0abfcb5,https://picsum.photos/id/73200,咖哩,205
61c83574d31a6749c0abfcb7,https://picsum.photos/id/867200,散壽司,284
61c83574d31a6749c0abfcb9,https://picsum.photos/id/584200,披薩,86
61c83574d31a6749c0abfcbb,https://picsum.photos/id/371200,飯,320
61c83574d31a6749c0abfcbd,https://picsum.photos/id/173200,甜食,291
61c83574d31a6749c0abfcbf,https://picsum.photos/id/777200,熱炒,81
61c83574d31a6749c0abfcc4,https://picsum.photos/id/874200,乳酪,220
61c83574d31a6749c0abfcc6,https://picsum.photos/id/70200,湯,191
61c83574d31a6749c0abfcc8,https://picsum.photos/id/995200,餅乾,237
61c83575d31a6749c0abfcca,https://picsum.photos/id/57200,提拉米蘇,460
61c83575d31a6749c0abfccc,https://picsum.photos/id/904200,饅頭,297
61c83575d31a6749c0abfcce,https://picsum.photos/id/340200,冰淇淋,152
61c83575d31a6749c0abfcd0,https://picsum.photos/id/500200,味噌湯,146
61c83575d31a6749c0abfcd2,https://picsum.photos/id/401200,烏龍麵,330
61c83575d31a6749c0abfcd4,https://picsum.photos/id/705200,粥,24
61c83575d31a6749c0abfcd9,https://picsum.photos/id/824200,大福,314
61c83575d31a6749c0abfcdb,https://picsum.photos/id/853200,甜食,248
61c83576d31a6749c0abfcdd,https://picsum.photos/id/322200,熱炒,359
61c83576d31a6749c0abfcdf,https://picsum.photos/id/993200,披薩,212
61c83576d31a6749c0abfce1,https://picsum.photos/id/134200,散壽司,218
61c83576d31a6749c0abfce3,https://picsum.photos/id/335200,壽喜燒,462
61c83576d31a6749c0abfce5,https://picsum.photos/id/11200,咖哩,221
61c83576d31a6749c0abfce7,https://picsum.photos/id/271200,拉麵,407
61c83576d31a6749c0abfce9,https://picsum.photos/id/204200,雪花冰,74
61c83576d31a6749c0abfcee,https://picsum.photos/id/29200,牛小排,443
61c83577d31a6749c0abfcf0,https://picsum.photos/id/823200,涮涮鍋,368
61c83577d31a6749c0abfcf2,https://picsum.photos/id/144200,羹,441
61c83577d31a6749c0abfcf4,https://picsum.photos/id/39200,握壽司,35
61c83577d31a6749c0abfcf6,https://picsum.photos/id/456200,可樂餅,101
61c83577d31a6749c0abfcf8,https://picsum.photos/id/775200,布丁,390
61c83577d31a6749c0abfcfa,https://picsum.photos/id/790200,蛋,409
61c83577d31a6749c0abfcfc,https://picsum.photos/id/725200,散壽司,322
61c83577d31a6749c0abfcfe,https://picsum.photos/id/645200,串燒,417
61c83577d31a6749c0abfd03,https://picsum.photos/id/942200,炒飯,179
61c83577d31a6749c0abfd05,https://picsum.photos/id/586200,豆腐,435
61c83578d31a6749c0abfd07,https://picsum.photos/id/970200,餃子,292
61c83578d31a6749c0abfd09,https://picsum.photos/id/607200,羹,110
61c83578d31a6749c0abfd0b,https://picsum.photos/id/343200,熱炒,283
61c83578d31a6749c0abfd0d,https://picsum.photos/id/724200,烤魚,310
61c83578d31a6749c0abfd0f,https://picsum.photos/id/201200,炒飯,196
61c83578d31a6749c0abfd11,https://picsum.photos/id/841200,涼麵,262
61c83578d31a6749c0abfd13,https://picsum.photos/id/35200,鹽水雞,263
61c83578d31a6749c0abfd18,https://picsum.photos/id/132200,糕餅,254
61c83579d31a6749c0abfd1a,https://picsum.photos/id/681200,包子,189
61c83579d31a6749c0abfd1c,https://picsum.photos/id/293200,餃子,312
61c83579d31a6749c0abfd1e,https://picsum.photos/id/70200,提拉米蘇,213
61c83579d31a6749c0abfd20,https://picsum.photos/id/983200,羊小排,261
61c83579d31a6749c0abfd22,https://picsum.photos/id/192200,壽喜燒,25
61c83579d31a6749c0abfd24,https://picsum.photos/id/819200,湯,315
61c83579d31a6749c0abfd26,https://picsum.photos/id/356200,鹽酥雞,115
61c8357ad31a6749c0abfd28,https://picsum.photos/id/710200,鹽酥雞,220
61c8357ad31a6749c0abfd2d,https://picsum.photos/id/668200,可樂餅,461
61c8357ad31a6749c0abfd2f,https://picsum.photos/id/645200,包子,125
61c8357ad31a6749c0abfd31,https://picsum.photos/id/640200,奶酪,74
61c8357ad31a6749c0abfd33,https://picsum.photos/id/168200,烤魚,204
61c8357ad31a6749c0abfd35,https://picsum.photos/id/530200,麻糬,360
61c8357ad31a6749c0abfd37,https://picsum.photos/id/767200,涮涮鍋,271
61c8357ad31a6749c0abfd39,https://picsum.photos/id/835200,羊小排,217
61c8357ad31a6749c0abfd3b,https://picsum.photos/id/311200,握壽司,132
61c8357bd31a6749c0abfd3d,https://picsum.photos/id/415200,甜食,2
61c8357bd31a6749c0abfd42,https://picsum.photos/id/949200,飯,91
61c8357bd31a6749c0abfd44,https://picsum.photos/id/236200,炒飯,40
61c8357bd31a6749c0abfd46,https://picsum.photos/id/940200,握壽司,277
61c8357bd31a6749c0abfd48,https://picsum.photos/id/960200,拉麵,224
61c8357bd31a6749c0abfd4a,https://picsum.photos/id/813200,奶酪,48
61c8357bd31a6749c0abfd4c,https://picsum.photos/id/774200,蒸餃,59
61c8357bd31a6749c0abfd4e,https://picsum.photos/id/665200,麻辣鍋,6
61c8357cd31a6749c0abfd50,https://picsum.photos/id/320200,餅乾,339
61c8357cd31a6749c0abfd52,https://picsum.photos/id/478200,罐頭,302
61c8357cd31a6749c0abfd57,https://picsum.photos/id/672200,大魯麵,367
61c8357cd31a6749c0abfd59,https://picsum.photos/id/865200,鹽酥雞,229
61c8357cd31a6749c0abfd5b,https://picsum.photos/id/590200,串燒,407
61c8357cd31a6749c0abfd5d,https://picsum.photos/id/413200,炒飯,32
61c8357cd31a6749c0abfd5f,https://picsum.photos/id/497200,烤魚,49
61c8357cd31a6749c0abfd61,https://picsum.photos/id/2200,糕餅,345
61c8357dd31a6749c0abfd63,https://picsum.photos/id/144200,春捲,400
61c8357dd31a6749c0abfd65,https://picsum.photos/id/442200,飯,34
61c8357dd31a6749c0abfd67,https://picsum.photos/id/453200,羹,374
61c8357dd31a6749c0abfd6c,https://picsum.photos/id/394200,牛小排,407
61c8357dd31a6749c0abfd6e,https://picsum.photos/id/721200,提拉米蘇,277
61c8357dd31a6749c0abfd70,https://picsum.photos/id/844200,蛋,336
61c8357dd31a6749c0abfd72,https://picsum.photos/id/612200,拉麵,151
61c8357dd31a6749c0abfd74,https://picsum.photos/id/457200,涼麵,36
61c8357dd31a6749c0abfd76,https://picsum.photos/id/223200,醃漬品,163
61c8357dd31a6749c0abfd78,https://picsum.photos/id/714200,燉飯,36
61c8357ed31a6749c0abfd7a,https://picsum.photos/id/366200,拉麵,200
61c8357ed31a6749c0abfd7c,https://picsum.photos/id/508200,味噌湯,441
61c8357ed31a6749c0abfd81,https://picsum.photos/id/722200,生魚片,194
61c8357ed31a6749c0abfd83,https://picsum.photos/id/737200,握壽司,289
61c8357ed31a6749c0abfd85,https://picsum.photos/id/934200,壽喜燒,487
61c8357ed31a6749c0abfd87,https://picsum.photos/id/595200,餃子,47
61c8357ed31a6749c0abfd89,https://picsum.photos/id/494200,羊小排,175
61c8357ed31a6749c0abfd8b,https://picsum.photos/id/559200,披薩,204
61c8357ed31a6749c0abfd8d,https://picsum.photos/id/752200,握壽司,341
61c8357fd31a6749c0abfd8f,https://picsum.photos/id/597200,咖哩,54
61c8357fd31a6749c0abfd91,https://picsum.photos/id/577200,飯,136
61c8357fd31a6749c0abfd96,https://picsum.photos/id/897200,糕餅,198
61c8357fd31a6749c0abfd98,https://picsum.photos/id/254200,散壽司,8
61c8357fd31a6749c0abfd9a,https://picsum.photos/id/346200,麻辣鍋,318
61c8357fd31a6749c0abfd9c,https://picsum.photos/id/542200,生蠔,155
61c8357fd31a6749c0abfd9e,https://picsum.photos/id/745200,果凍,162
61c83580d31a6749c0abfda0,https://picsum.photos/id/76200,一夜干,411
61c83580d31a6749c0abfda2,https://picsum.photos/id/526200,果凍,175
61c83580d31a6749c0abfda4,https://picsum.photos/id/571200,串燒,461
61c83580d31a6749c0abfda6,https://picsum.photos/id/634200,一夜干,146
61c83580d31a6749c0abfdab,https://picsum.photos/id/810200,蛋,267
61c83580d31a6749c0abfdad,https://picsum.photos/id/856200,生蠔,394
61c83580d31a6749c0abfdaf,https://picsum.photos/id/430200,湯,109
61c83580d31a6749c0abfdb1,https://picsum.photos/id/955200,散壽司,423
61c83580d31a6749c0abfdb3,https://picsum.photos/id/509200,粥,244
61c83580d31a6749c0abfdb5,https://picsum.photos/id/472200,手捲,330
61c83581d31a6749c0abfdb7,https://picsum.photos/id/297200,雪花冰,24
61c83581d31a6749c0abfdb9,https://picsum.photos/id/705200,包子,81
61c83581d31a6749c0abfdbb,https://picsum.photos/id/718200,滷肉,247